ISIN,Symbol,IssuerName,BondType,Sector,Country,Currency,Rating,CouponRate,FaceValue,IssueDate,MaturityDate,LastTradedPrice,BidPrice,AskPrice,Volume,Yield,Duration,Spread,Source
CH0038863350,NESTLE-CH,,,,,,,,,,,1005.3,1005.15,1005.45,185000.0,,,,Prices_Feed
DE0008232125,SIEMENS-DE,,,,,,,,,,,1008.7,1008.45,1008.95,220000.0,,,,Prices_Feed
DK0061038432,NOVO-DK,,,,,,,,,,,1003.4,1003.25,1003.55,165000.0,,,,Prices_Feed
FR0000120578,SANOFI-FR,,,,,,,,,,,1009.8,1009.55,1010.05,245000.0,,,,Prices_Feed
GB0009895292,AZN-UK,,,,,,,,,,,1012.5,1012.25,1012.75,275000.0,,,,Prices_Feed
INE001A07EM1,HDFC-EMB,HDFC Ltd,Emerging Market Bond,Banking,,,AA+,5.75,1000.0,2021-06-15,2029-06-15,1025.3,1024.95,1025.65,250000.0,,,,EMB_data
INE001A07EN9,ICICI-EMB,ICICI Bank,Emerging Market Bond,Banking,,,AA+,6.25,1000.0,2020-12-20,2028-12-20,1031.4,1031.15,1031.65,320000.0,,,,EMB_data
INE001A07EO7,TCS-EMB,TCS Ltd,Emerging Market Bond,IT Services,,,AAA,5.4,1000.0,2021-09-10,2027-09-10,1018.5,1018.25,1018.75,185000.0,,,,EMB_data
INE001A07EP5,RIL-EMB,Reliance Industries,Emerging Market Bond,Energy,,,AAA,6.5,1000.0,2020-03-25,2030-03-25,1037.8,1037.65,1038.05,420000.0,,,,EMB_data
INE001A07EQ3,INFY-EMB,Infosys Ltd,Emerging Market Bond,IT Services,,,AAA,5.15,1000.0,2021-11-05,2026-11-05,1008.2,1008.05,1008.35,198000.0,,,,EMB_data
INE001A07ER1,AXIS-EMB,Axis Bank,Emerging Market Bond,Banking,,,AA,6.75,1000.0,2021-05-12,2029-05-12,1042.1,1041.85,1042.35,275000.0,,,,EMB_data
INE001A07ES9,SBI-EMB,State Bank of India,Emerging Market Bond,Banking,,,AA+,6.05,1000.0,2020-08-22,2028-08-22,1028.9,1028.65,1029.15,310000.0,,,,EMB_data
INE001A07ET7,MARUTI-EMB,Maruti Suzuki,Emerging Market Bond,Automotive,,,AA-,5.85,1000.0,2021-04-18,2027-04-18,1022.4,1022.15,1022.65,145000.0,,,,EMB_data
INE001A07EU5,HDFC-BANK-EMB2,HDFC Bank,Emerging Market Bond,Banking,,,AA+,6.4,1000.0,2020-01-30,2030-01-30,1041.2,1040.95,1041.45,290000.0,,,,EMB_data
INE001A07EV3,L&T-EMB,Larsen & Toubro,Emerging Market Bond,Engineering,,,AA,6.15,1000.0,2020-10-08,2028-10-08,1032.7,1032.45,1032.95,220000.0,,,,EMB_data
INE001A07EW1,BHEL-EMB,BHEL,Emerging Market Bond,Engineering,,,A+,6.8,1000.0,2021-07-14,2029-07-14,1045.6,1045.35,1045.85,165000.0,,,,EMB_data
INE001A07EX9,JSW-EMB,JSW Steel,Emerging Market Bond,Steel,,,A,7.05,1000.0,2021-02-20,2027-02-20,1038.3,1038.05,1038.55,198000.0,,,,EMB_data
INE002A07UP6,ONGC22A,,,,,,,,,,,1045.5,1044.75,1046.25,145000.0,,,,Prices_Feed
INE002A07UQ4,TCS21B,,,,,,,,,,,1002.3,1001.5,1003.1,98500.0,,,,Prices_Feed
INE002A07UR2,RIL20C,,,,,,,,,,,1038.75,1037.9,1039.6,172000.0,,,,Prices_Feed
INE002A07US0,HDFC21,,,,,,,,,,,998.45,997.8,999.1,115000.0,,,,Prices_Feed
INE002A07UT8,INFY20,,,,,,,,,,,995.2,994.5,995.9,89000.0,,,,Prices_Feed
INE002A07UU6,GAIL20,,,,,,,,,,,1041.3,1040.5,1042.1,108000.0,,,,Prices_Feed
INE002A07UV4,LTFH22,,,,,,,,,,,1032.8,1032.1,1033.5,75000.0,,,,Prices_Feed
INE002A07UW2,ICICIBC21,,,,,,,,,,,1005.6,1004.95,1006.25,132000.0,,,,Prices_Feed
INE002A07UX0,AXISBNK22,,,,,,,,,,,1018.9,1018.2,1019.6,98000.0,,,,Prices_Feed
INE002A07UY8,MTNL21,,,,,,,,,,,1026.4,1025.75,1027.05,52000.0,,,,Prices_Feed
INGOVSG0Z09C,GOVT6.5/2026,,,,,,,,,,,101.25,101.15,101.35,2650000.0,,,,Prices_Feed
INGOVSG0Z10B,GOVT5.5/2027,,,,,,,,,,,98.8,98.7,98.9,3250000.0,,,,Prices_Feed
INGOVSG0Z11A,GOVT7.0/2028,,,,,,,,,,,102.4,102.3,102.5,2950000.0,,,,Prices_Feed
KR7005930000,SAMSUNG-KR,,,,,,,,,,,1019.3,1019.05,1019.55,285000.0,,,,Prices_Feed
NL0010273215,ASML-NL,,,,,,,,,,,1007.6,1007.45,1007.75,198000.0,,,,Prices_Feed
SYN00138D15C,679GS2031,,,,,,,,100.0,,,101.5,100.26,0.0,0.0,,,,Live_GSec
SYN0102D6560,Bharat Forge Limited,,,,,,,,100000.0,,,,,,,,,,NSE_Debt_Master
SYN023000333,77KA33,,,,,,,,100.0,,,99.1,0.0,99.1,700.0,,,,Live_GSec
SYN02DB987F6,Andhra Pradesh State,,,,,,,,100.0,,,,,,,,,,NSE_Debt_Master
SYN03F3F2724,710GS2029,,,,,,,,100.0,,,100.83,100.63,103.65,0.0,,,,Live_GSec
SYN05421799D,713MH37,,,,,,,,100.0,,,94.05,0.0,98.75,0.0,,,,Live_GSec
SYN0573984A9,Clix Capital Services Private Limited,,,,,,,,100000.0,,,,,,,,,,NSE_Debt_Master
SYN0589A1A0D,Phoenix Arc Private Limited,,,,,,,,100000.0,,,,,,,,,,NSE_Debt_Master
SYN05AAE6D85,68GS2060,,,,,,,,100.0,,,93.99,91.05,93.99,2.0,,,,Live_GSec
SYN079AB1191,Sikkim State,,,,,,,,100.0,,,,,,,,,,NSE_Debt_Master
SYN07EB2608D,182D060826,,,,,,,,100.0,,,98.5,98.07,0.0,0.0,,,,Live_GSec
SYN080B4C13B,364D031226,,,,,,,,100.0,,,96.0,95.76,0.0,0.0,,,,Live_GSec
SYN080D759A3,AAA_RATED_BONDS,AAA Rated Bonds,Corporate,Corporate,,,AAA,,,,,,,,,6.45,5.2,180.0,Bond_Index
SYN0974A1498,IFL Finance Limited,,,,,,,,10000.0,,,,,,,,,,NSE_Debt_Master
SYN098E2A832,601GS2030,,,,,,,,100.0,,,99.3,98.01,99.3,0.0,,,,Live_GSec
SYN09F86CF3C,763MH36,,,,,,,,100.0,,,103.16,0.0,107.9,0.0,,,,Live_GSec
SYN0A448F206,Veritas Finance Private Limited,,,,,,,,100000.0,,,,,,,,,,NSE_Debt_Master
SYN0A4A25042,182D040626,,,,,,,,100.0,,,98.6,99.43,0.0,0.0,,,,Live_GSec
SYN0B1A11831,Arunachal Pradesh State,,,,,,,,100.0,,,,,,,,,,NSE_Debt_Master
SYN0B8F8E47C,364D020726,,,,,,,,100.0,,,97.95,98.77,0.0,0.0,,,,Live_GSec
SYN0C2DE93DF,REC Limited,,,,,,,,54250.0,,,,,,,,,,NSE_Debt_Master
SYN0C2F87B9F,591GS2028,,,,,,,,100.0,,,102.0,99.91,101.65,0.0,,,,Live_GSec
SYN0C33B7BAC,AZN-UK,AstraZeneca,Corporate,Healthcare,UK,GBP,A+,3.9,1000.0,,2029-01-15,1012.5,,,,,,,Global_Finance
SYN0CBE110C0,364D060527,,,,,,,,100.0,,,94.4,92.92,0.0,0.0,,,,Live_GSec
SYN0D3645093,Demuric Holdings Private Limited,,,,,,,,100000.0,,,,,,,,,,NSE_Debt_Master
SYN0D9091469,Maharashtra State,,,,,,,,100.0,,,,,,,,,,NSE_Debt_Master
SYN0E18AB816,364D101226,,,,,,,,100.0,,,96.25,95.62,0.0,0.0,,,,Live_GSec
SYN0E357BD3B,Samvardhana Motherson International Limited,,,,,,,,100000.0,,,,,,,,,,NSE_Debt_Master
SYN100BB8373,GOVERNMENT OF INDIA,,,,,,,,100.0,,,,,,,,,,NSE_Debt_Master
SYN113B2B16F,762KL44,,,,,,,,100.0,,,100.0,0.0,0.0,0.0,,,,Live_GSec
SYN1218D7B06,Canara HSBC Life Insurance Company Limited,,,,,,,,100000.0,,,,,,,,,,NSE_Debt_Master
SYN13334473D,664GS2035,,,,,,,,100.0,,,101.5,98.16,101.5,0.0,,,,Live_GSec
SYN133A2CF76,Hindustan Petroleum Corporation Limited,,,,,,,,100000.0,,,,,,,,,,NSE_Debt_Master
SYN144E1758D,India Residential Mortgage Trust 2025 01 Limited,,,,,,,,89663.01,,,,,,,,,,NSE_Debt_Master
SYN14FC890E0,83GS2042,,,,,,,,100.0,,,112.0,107.1,0.0,0.0,,,,Live_GSec
SYN15D7A5884,Citicorp Finance (India) Limited,,,,,,,,100000.0,,,,,,,,,,NSE_Debt_Master
SYN1605752C5,91D110626,,,,,,,,100.0,,,99.6,99.66,0.0,0.0,,,,Live_GSec
SYN162C0E5B4,71GS2034,,,,,,,,100.0,,,101.9,99.31,101.9,100.0,,,,Live_GSec
SYN16678FE53,364D151026,,,,,,,,100.0,,,97.15,96.7,0.0,0.0,,,,Live_GSec
SYN166C53A17,Muthoot Finance Limited,,,,,,,,100000.0,,,,,,,,,,NSE_Debt_Master
SYN1687330CC,723GJ27,,,,,,,,100.0,,,100.0,0.0,100.5,0.0,,,,Live_GSec
SYN16DFA9382,L&T Finance Limited,,,,,,,,100000.0,,,,,,,,,,NSE_Debt_Master
SYN172495863,636GS2031,,,,,,,,100.0,,,100.0,98.8,99.0,0.0,,,,Live_GSec
SYN182037200,697GS2026,,,,,,,,100.0,,,103.69,100.46,0.0,0.0,,,,Live_GSec
SYN1867B74B1,Nuclear Power Corporation of India Limited,,,,,,,,100000.0,,,,,,,,,,NSE_Debt_Master
SYN19010CBCA,736TN54,,,,,,,,100.0,,,100.0,0.0,104.9,0.0,,,,Live_GSec
SYN192EC16AF,364D080427,,,,,,,,100.0,,,94.5,93.42,0.0,0.0,,,,Live_GSec
SYN193E92CF3,91D300726,,,,,,,,100.0,,,98.75,98.72,0.0,0.0,,,,Live_GSec
SYN19A305514,364D040227,,,,,,,,100.0,,,95.45,94.58,0.0,0.0,,,,Live_GSec
SYN19C087862,724GS2055,,,,,,,,100.0,,,97.75,97.53,97.7,14803.0,,,,Live_GSec
SYN1A329A46C,Uttarakhand State,,,,,,,,100.0,,,,,,,,,,NSE_Debt_Master
SYN1B89DB629,TVS Infrastructure Trust,,,,,,,,100000.0,,,,,,,,,,NSE_Debt_Master
SYN1B998FC98,Emerald Haven Properties Private Limited,,,,,,,,100000.0,,,,,,,,,,NSE_Debt_Master
SYN1D7F030A3,610GS2031,,,,,,,,100.0,,,99.5,99.5,0.0,100.0,,,,Live_GSec
SYN2038768D3,Godrej Finance Limited,,,,,,,,100000.0,,,,,,,,,,NSE_Debt_Master
SYN204B028AF,738GS2027,,,,,,,,100.0,,,104.0,104.0,104.25,10301.0,,,,Live_GSec
SYN20A6EC466,719PN37,,,,,,,,100.0,,,98.0,0.0,98.5,0.0,,,,Live_GSec
SYN2164BF4C5,Adani Enterprises Limited,,,,,,,,1000.0,,,,,,,,,,NSE_Debt_Master
SYN21AFD4B9B,Swami Vivekananda Youth Movement,,,,,,,,1.0,,,,,,,,,,NSE_Debt_Master
SYN220579255,672MH38,,,,,,,,100.0,,,93.0,0.0,93.5,0.0,,,,Live_GSec
SYN222983A63,364D060826,,,,,,,,100.0,,,98.7,98.7,99.03,0.0,,,,Live_GSec
SYN22C2D0B9F,Solar Energy Corporation Of India Limited,,,,,,,,100000.0,,,,,,,,,,NSE_Debt_Master
SYN23400B586,Tata Capital Housing Finance Limited,,,,,,,,100068.9,,,,,,,,,,NSE_Debt_Master
SYN237D64763,736GS2052,,,,,,,,100.0,,,102.78,97.7,0.0,0.0,,,,Live_GSec
SYN24A438340,ESAF Small Finance Bank Limited,,,,,,,,100000.0,,,,,,,,,,NSE_Debt_Master
SYN263D0CC71,Torrent Pharmaceuticals Limited,,,,,,,,100000.0,,,,,,,,,,NSE_Debt_Master
SYN272570099,702GS2031,,,,,,,,100.0,,,103.35,102.01,0.0,0.0,,,,Live_GSec
SYN27AD6BB82,745TN55,,,,,,,,100.0,,,100.0,0.0,104.9,0.0,,,,Live_GSec
SYN27B6FEF4A,182D100926,,,,,,,,100.0,,,97.32,97.38,0.0,0.0,,,,Live_GSec
SYN28280B7CF,747MH34,,,,,,,,100.0,,,90.0,0.0,0.0,0.0,,,,Live_GSec
SYN2920233C9,91D160726,,,,,,,,100.0,,,98.75,99.0,0.0,0.0,,,,Live_GSec
SYN295E6ECB4,703TN51,,,,,,,,100.0,,,100.0,0.0,104.9,0.0,,,,Live_GSec
SYN29932CE6E,364D210127,,,,,,,,100.0,,,95.5,94.84,0.0,0.0,,,,Live_GSec
SYN2A029DC0F,ICICI Bank Limited,,,,,,,,100000.0,,,,,,,,,,NSE_Debt_Master
SYN2A8F5BF7D,718JK45A,,,,,,,,100.0,,,100.0,0.0,0.0,0.0,,,,Live_GSec
SYN2AFC1F5C9,Profectus Capital Private Limited,,,,,,,,62500.0,,,,,,,,,,NSE_Debt_Master
SYN2B2D120D4,364D190327,,,,,,,,100.0,,,94.75,93.79,0.0,0.0,,,,Live_GSec
SYN2B520C654,A. K. Capital Finance Limited,,,,,,,,100000.0,,,,,,,,,,NSE_Debt_Master
SYN2B59835DA,685TS50,,,,,,,,100.0,,,100.0,0.0,0.0,0.0,,,,Live_GSec
SYN2BB9ACA36,364D081026,,,,,,,,100.0,,,96.95,96.83,0.0,0.0,,,,Live_GSec
SYN2C6A0BB8B,648GS2035,,,,,,,,100.0,,,96.7,96.8,99.3,0.0,,,,Live_GSec
SYN2C9E91B90,773KA34,,,,,,,,100.0,,,102.5,0.0,0.0,0.0,,,,Live_GSec
SYN2CBC2DEF9,718GS2037,,,,,,,,100.0,,,102.0,102.01,102.3,5200.0,,,,Live_GSec
SYN2CD6E0CF5,698GR2054,,,,,,,,100.0,,,95.0,91.0,0.0,679.0,,,,Live_GSec
SYN2D0C56A49,663TN35,,,,,,,,100.0,,,91.0,0.0,95.5,0.0,,,,Live_GSec
SYN2D71861DB,Jammu & Kashmir State,,,,,,,,100.0,,,,,,,,,,NSE_Debt_Master
SYN2EEFB098A,Puducherry - Union Territory,,,,,,,,100.0,,,,,,,,,,NSE_Debt_Master
SYN2EF8E7593,364D150127,,,,,,,,100.0,,,95.4,94.95,0.0,0.0,,,,Live_GSec
SYN2F3F6337B,706GS2028,,,,,,,,100.0,,,101.3,101.4,101.7,0.0,,,,Live_GSec
SYN304BF8E61,Godrej Seeds & Genetics Limited,,,,,,,,100000.0,,,,,,,,,,NSE_Debt_Master
SYN306F95702,Indian Renewable Energy Development Agency Limited,,,,,,,,100000.0,,,,,,,,,,NSE_Debt_Master
SYN307D33BD4,364D231026,,,,,,,,100.0,,,96.3,96.54,0.0,0.0,,,,Live_GSec
SYN30857DC27,622GS2035,,,,,,,,100.0,,,93.42,93.36,0.0,0.0,,,,Live_GSec
SYN30A30B7A6,746MH33,,,,,,,,100.0,,,97.76,0.0,102.4,0.0,,,,Live_GSec
SYN310EEA9CA,694GS2036,,,,,,,,100.0,,,99.0,98.65,100.0,100.0,,,,Live_GSec
SYN3174B4DF2,788GS2030,,,,,,,,100.0,,,104.77,103.41,0.0,0.0,,,,Live_GSec
SYN31901D473,83GS2040,,,,,,,,100.0,,,107.8,106.1,0.0,0.0,,,,Live_GSec
SYN31B7015D4,National Bank of Agriculture & Rural Development,,,,,,,,1000.0,,,,,,,,,,NSE_Debt_Master
SYN31CFC4300,735TN43,,,,,,,,100.0,,,92.15,0.0,96.75,0.0,,,,Live_GSec
SYN32273ED52,744JK53,,,,,,,,100.0,,,98.49,0.0,99.0,0.0,,,,Live_GSec
SYN32863A186,Punjab & Sind Bank,,,,,,,,100000.0,,,,,,,,,,NSE_Debt_Master
SYN32CF5CE16,The Andhra Pradesh Mineral Development Corporation Limited,,,,,,,,100006.26,,,,,,,,,,NSE_Debt_Master
SYN33680198D,613GS2028,,,,,,,,100.0,,,102.2,101.41,103.0,0.0,,,,Live_GSec
SYN33B1BD086,Hero Housing Finance Limited,,,,,,,,100000.0,,,,,,,,,,NSE_Debt_Master
SYN34726042F,91D190626,,,,,,,,100.0,,,99.11,99.52,0.0,0.0,,,,Live_GSec
SYN35D0153D2,Gaursons India Private Limited,,,,,,,,100000.0,,,,,,,,,,NSE_Debt_Master
SYN35E938718,91D200826,,,,,,,,100.0,,,98.62,98.32,98.62,0.0,,,,Live_GSec
SYN36001F1E0,675GS2029,,,,,,,,100.0,,,101.67,101.46,102.89,0.0,,,,Live_GSec
SYN362ECA258,676GS2061,,,,,,,,100.0,,,90.2,90.02,90.2,1113.0,,,,Live_GSec
SYN36461E5BC,923GS2043,,,,,,,,100.0,,,114.99,114.91,0.0,0.0,,,,Live_GSec
SYN373528FDB,697RJ51A,,,,,,,,100.0,,,100.0,0.0,104.9,0.0,,,,Live_GSec
SYN377D3E196,739TN32,,,,,,,,100.0,,,100.0,0.0,104.9,0.0,,,,Live_GSec
SYN38362FE64,Aditya Birla Sun Life Insurance Company Limited,,,,,,,,100000.0,,,,,,,,,,NSE_Debt_Master
SYN385F3542F,PVP Ventures Limited,,,,,,,,100000.0,,,,,,,,,,NSE_Debt_Master
SYN38B8D1C2E,709GS2054,,,,,,,,100.0,,,95.7,95.53,96.3,0.0,,,,Live_GSec
SYN393D2DC45,364D280526,,,,,,,,100.0,,,99.7,0.0,0.0,514900.0,,,,Live_GSec
SYN3962EEE5A,Torrent Power Limited,,,,,,,,100000.0,,,,,,,,,,NSE_Debt_Master
SYN39EDA3CFD,Government of India,,,,,,,,100.0,,,,,,,,,,NSE_Debt_Master
SYN3A32AD4F7,91D230726,,,,,,,,100.0,,,98.5,98.86,0.0,0.0,,,,Live_GSec
SYN3A3A17694,Motilal Oswal Finvest,,,,,,,,100000.0,,,,,,,,,,NSE_Debt_Master
SYN3A5EC029B,701MH32,,,,,,,,100.0,,,100.0,0.0,104.9,0.0,,,,Live_GSec
SYN3A5FBBC36,Jio Credit Limited,,,,,,,,100000.0,,,,,,,,,,NSE_Debt_Master
SYN3A637BAE7,824GS2027,,,,,,,,100.0,,,104.0,102.86,105.06,0.0,,,,Live_GSec
SYN3A76D003E,364D171226,,,,,,,,100.0,,,96.0,95.49,100.8,0.0,,,,Live_GSec
SYN3B18B1A31,704GJ32,,,,,,,,100.0,,,100.0,0.0,104.9,0.0,,,,Live_GSec
SYN3B57987C2,669GJ34,,,,,,,,100.0,,,93.1,0.0,92.48,0.0,,,,Live_GSec
SYN3B7F7261D,668GS2031,,,,,,,,100.0,,,97.7,98.61,0.0,0.0,,,,Live_GSec
SYN3C13AD846,364D180626,,,,,,,,100.0,,,98.23,99.15,0.0,0.0,,,,Live_GSec
SYN3C37E31E8,Hero FinCorp Limited,,,,,,,,100000.0,,,,,,,,,,NSE_Debt_Master
SYN3C5320584,Rajasthan State,,,,,,,,100.0,,,,,,,,,,NSE_Debt_Master
SYN3C8D6ED4F,Ugro Capital Limited,,,,,,,,1000.0,,,,,,,,,,NSE_Debt_Master
SYN3C9C01EEA,182D191126,,,,,,,,100.0,,,97.22,96.11,0.0,0.0,,,,Live_GSec
SYN3CEB0FBA2,Matoshri Jayaben Himmatlal Shah Charitable Trust,,,,,,,,1.0,,,,,,,,,,NSE_Debt_Master
SYN3CF5B1D05,679GS2029,,,,,,,,100.0,,,103.01,101.51,0.0,0.0,,,,Live_GSec
SYN3DD0BF04A,759GS2029,,,,,,,,100.0,,,103.65,102.41,0.0,0.0,,,,Live_GSec
SYN3EA310F33,574GS2026,,,,,,,,100.0,,,101.0,99.67,101.0,0.0,,,,Live_GSec
SYN3EB9BD75A,832GS2032,,,,,,,,100.0,,,109.06,107.41,0.0,0.0,,,,Live_GSec
SYN3EDF6FA94,771GS2066,,,,,,,,100.0,,,102.0,100.45,101.45,1419.0,,,,Live_GSec
SYN3FB7563F6,739TN42,,,,,,,,100.0,,,100.7,0.0,101.3,0.0,,,,Live_GSec
SYN3FFF997DF,704GS2029,,,,,,,,100.0,,,103.61,102.91,105.0,0.0,,,,Live_GSec
SYN40890E39F,SANOFI-FR,Sanofi,Corporate,Healthcare,France,EUR,A+,3.1,1000.0,,2027-05-20,1009.8,,,,,,,Global_Finance
SYN40C6E8BA8,772GS2049,,,,,,,,100.0,,,101.8,104.34,0.0,0.0,,,,Live_GSec
SYN41368EC48,The Federal Bank Limited,,,,,,,,100000.0,,,,,,,,,,NSE_Debt_Master
SYN421A6B41D,B.N. Agritech Limited,,,,,,,,10000.0,,,,,,,,,,NSE_Debt_Master
SYN42AD687FE,725GS2063,,,,,,,,100.0,,,98.0,97.8,98.0,73028.0,,,,Live_GSec
SYN43BF65FCA,Can Fin Homes Limited,,,,,,,,100000.0,,,,,,,,,,NSE_Debt_Master
SYN43EABD5AF,182D110626,,,,,,,,100.0,,,99.0,99.29,0.0,0.0,,,,Live_GSec
SYN442969F27,75AP32,,,,,,,,100.0,,,100.0,0.0,104.9,0.0,,,,Live_GSec
SYN4494B91D9,Angel One Limited,,,,,,,,100000.0,,,,,,,,,,NSE_Debt_Master
SYN44A632F50,LIC Housing Finance Limited,,,,,,,,100000.0,,,,,,,,,,NSE_Debt_Master
SYN44DA89D1A,745AP38,,,,,,,,100.0,,,100.0,0.0,100.5,0.0,,,,Live_GSec
SYN45A23E833,76TN32,,,,,,,,100.0,,,100.4,0.0,104.95,0.0,,,,Live_GSec
SYN45C66F563,Piramal Finance Limited,,,,,,,,1000.0,,,,,,,,,,NSE_Debt_Master
SYN45D73B89A,Godrej Industries Limited,,,,,,,,100000.0,,,,,,,,,,NSE_Debt_Master
SYN46833F97F,Meghalaya State,,,,,,,,100.0,,,,,,,,,,NSE_Debt_Master
SYN472D43158,Uttar Pradesh State,,,,,,,,100.0,,,,,,,,,,NSE_Debt_Master
SYN472D47AF9,Muthoot Capital Services Limited,,,,,,,,90277.77,,,,,,,,,,NSE_Debt_Master
SYN47622B2AE,766UP32,,,,,,,,100.0,,,99.0,0.0,100.31,0.0,,,,Live_GSec
SYN47B00A97E,West Bengal State,,,,,,,,100.0,,,,,,,,,,NSE_Debt_Master
SYN48236CBC1,Kerala State,,,,,,,,100.0,,,,,,,,,,NSE_Debt_Master
SYN4825D9D13,733GS2026,,,,,,,,100.0,,,100.55,100.63,102.5,0.0,,,,Live_GSec
SYN4884130E6,Emerald Haven Life Spaces 2 Private Limited,,,,,,,,100000.0,,,,,,,,,,NSE_Debt_Master
SYN488D6486D,NDR INVIT Trust,,,,,,,,100000.0,,,,,,,,,,NSE_Debt_Master
SYN48C6162D8,Bank Of India,,,,,,,,100000.0,,,,,,,,,,NSE_Debt_Master
SYN493A4D7F7,757GS2033,,,,,,,,100.0,,,105.35,104.34,0.0,0.0,,,,Live_GSec
SYN499D7EEB6,743TS33,,,,,,,,100.0,,,97.29,0.0,97.31,0.0,,,,Live_GSec
SYN49B968AB7,667GS2050,,,,,,,,100.0,,,92.15,92.1,93.75,0.0,,,,Live_GSec
SYN4A06F927B,Bajaj Auto Credit Limited,,,,,,,,100000.0,,,,,,,,,,NSE_Debt_Master
SYN4A49EE871,Tvs Credit Services Limited,,,,,,,,100000.0,,,,,,,,,,NSE_Debt_Master
SYN4BF6358F0,769HR27,,,,,,,,100.0,,,102.95,0.0,102.98,0.0,,,,Live_GSec
SYN4C28A2FB8,679GS2027,,,,,,,,100.0,,,100.7,99.81,0.0,0.0,,,,Live_GSec
SYN4DC7A6599,761GS2030,,,,,,,,100.0,,,106.65,101.46,0.0,0.0,,,,Live_GSec
SYN4ED0E9B07,726GS2029,,,,,,,,100.0,,,104.01,102.71,0.0,0.0,,,,Live_GSec
SYN5025D143D,717GS2030,,,,,,,,100.0,,,101.96,101.0,104.7,1200.0,,,,Live_GSec
SYN504BECCD3,628GS2032,,,,,,,,100.0,,,102.5,97.5,106.9,0.0,,,,Live_GSec
SYN514B164C9,775PN36,,,,,,,,100.0,,,100.95,0.0,101.95,0.0,,,,Live_GSec
SYN51F82756E,763MH35,,,,,,,,100.0,,,102.0,0.0,102.5,0.0,,,,Live_GSec
SYN5279B1D5A,Emerald Haven Life Spaces 3 Private Limited,,,,,,,,100000.0,,,,,,,,,,NSE_Debt_Master
SYN52A74A155,364D250227,,,,,,,,100.0,,,94.47,94.47,0.0,0.0,,,,Live_GSec
SYN52B062412,Assam State,,,,,,,,100.0,,,,,,,,,,NSE_Debt_Master
SYN530208D11,726MH49,,,,,,,,100.0,,,95.0,0.0,96.0,0.0,,,,Live_GSec
SYN530811D06,GOOGLE-US,Alphabet Inc,Corporate,Technology,USA,USD,AA+,4.1,1000.0,,2029-11-25,1018.9,,,,,,,Global_Finance
SYN53E29D632,Toyota Financial Services India Limited,,,,,,,,100000.0,,,,,,,,,,NSE_Debt_Master
SYN53E760BD8,833GS2036,,,,,,,,100.0,,,114.55,110.11,0.0,0.0,,,,Live_GSec
SYN5405EE0F3,364D130527,,,,,,,,100.0,,,92.79,92.79,94.55,2200.0,,,,Live_GSec
SYN545D60588,702GS2027,,,,,,,,100.0,,,104.0,99.81,102.0,0.0,,,,Live_GSec
SYN545FECA4B,815GS2026,,,,,,,,100.0,,,105.1,99.9,0.0,0.0,,,,Live_GSec
SYN55347084A,364D261126,,,,,,,,100.0,,,96.4,95.89,0.0,0.0,,,,Live_GSec
SYN5564A5180,THDC INDIA LIMITED,,,,,,,,100000.0,,,,,,,,,,NSE_Debt_Master
SYN56405A903,SUNDARAM HOME FINANCE LIMITED,,,,,,,,100000.0,,,,,,,,,,NSE_Debt_Master
SYN578D15027,MS-US,Morgan Stanley,Corporate,Banking,USA,USD,A,4.75,1000.0,,2029-03-20,1022.4,,,,,,,Global_Finance
SYN57CBEA976,NOVO-DK,Novo Nordisk,Corporate,Healthcare,Denmark,DKK,AA+,3.25,1000.0,,2026-09-10,1003.4,,,,,,,Global_Finance
SYN582A15ABF,784TN52,,,,,,,,100.0,,,110.7,0.0,115.4,0.0,,,,Live_GSec
SYN587D4FD97,Motilal Oswal Financial Services Limited,,,,,,,,1000.0,,,,,,,,,,NSE_Debt_Master
SYN591793BE0,781GJ32,,,,,,,,100.0,,,104.9,0.0,109.9,0.0,,,,Live_GSec
SYN5923022FB,364D070127,,,,,,,,100.0,,,95.7,95.1,0.0,0.0,,,,Live_GSec
SYN592496CA7,806RJ57,,,,,,,,100.0,,,100.0,0.0,0.0,0.0,,,,Live_GSec
SYN5A4D2C330,ICICI Securities Limited,,,,,,,,100000.0,,,,,,,,,,NSE_Debt_Master
SYN5AD7B1388,779PY41,,,,,,,,100.0,,,100.0,0.0,100.0,0.0,,,,Live_GSec
SYN5B3347A39,91D060826,,,,,,,,100.0,,,98.66,98.59,0.0,0.0,,,,Live_GSec
SYN5BF53C949,Delhi - Union Territory,,,,,,,,100.0,,,,,,,,,,NSE_Debt_Master
SYN5D1CF1988,GS-US,Goldman Sachs,Corporate,Banking,USA,USD,A+,4.85,1000.0,,2028-09-10,1024.8,,,,,,,Global_Finance
SYN5D3CA1831,364D240926,,,,,,,,100.0,,,97.25,97.11,0.0,0.0,,,,Live_GSec
SYN5E693F9A1,601GS2028,,,,,,,,100.0,,,98.25,98.41,99.94,0.0,,,,Live_GSec
SYN5E8D2BDF7,Ifl Finance Limited (Formerly Known As Ifl Housing Finance Limited),,,,,,,,7500.0,,,,,,,,,,NSE_Debt_Master
SYN5EC71EB83,745AP42,,,,,,,,100.0,,,99.0,0.0,99.5,0.0,,,,Live_GSec
SYN5EFE9FFB9,182D221026,,,,,,,,100.0,,,97.0,96.56,0.0,0.0,,,,Live_GSec
SYN5F215D377,649TN50,,,,,,,,100.0,,,100.27,0.0,0.0,0.0,,,,Live_GSec
SYN5F6D1FBCE,767MP33,,,,,,,,100.0,,,102.16,0.0,103.0,0.0,,,,Live_GSec
SYN6091AA766,733MH44,,,,,,,,100.0,,,100.0,0.0,104.9,0.0,,,,Live_GSec
SYN60DC07064,897GS2030,,,,,,,,100.0,,,112.2,114.0,0.0,0.0,,,,Live_GSec
SYN6135C8266,577GS2030,,,,,,,,100.0,,,96.82,96.66,0.0,0.0,,,,Live_GSec
SYN6155A78F5,772MH34,,,,,,,,100.0,,,97.0,0.0,100.0,0.0,,,,Live_GSec
SYN628060C3A,Sundaram Finance Limited,,,,,,,,100000.0,,,,,,,,,,NSE_Debt_Master
SYN643924A85,747PN43,,,,,,,,100.0,,,97.55,0.0,98.55,0.0,,,,Live_GSec
SYN6557CBAC8,Jharkhand State,,,,,,,,100.0,,,,,,,,,,NSE_Debt_Master
SYN65F6586C2,Karnataka State,,,,,,,,100.0,,,,,,,,,,NSE_Debt_Master
SYN6605F06AD,755GJ31,,,,,,,,100.0,,,95.72,95.72,100.5,0.0,,,,Live_GSec
SYN66C077358,Indian Railway Finance Corporation Limited,,,,,,,,51780.0,,,,,,,,,,NSE_Debt_Master
SYN66E2C48CB,182D081026,,,,,,,,100.0,,,97.0,96.83,0.0,0.0,,,,Live_GSec
SYN6749EB403,SMFG India Credit Company Limited,,,,,,,,3000.0,,,,,,,,,,NSE_Debt_Master
SYN67F9BC048,Gujarat State,,,,,,,,100.0,,,,,,,,,,NSE_Debt_Master
SYN687155AC3,722MH49,,,,,,,,100.0,,,100.0,0.0,104.9,0.0,,,,Live_GSec
SYN6A0185AFD,MAITHON POWER LIMITED,,,,,,,,100000.0,,,,,,,,,,NSE_Debt_Master
SYN6ADFB53EC,Tata Chemicals Limited,,,,,,,,100000.0,,,,,,,,,,NSE_Debt_Master
SYN6AF4722F1,Mizoram State,,,,,,,,100.0,,,,,,,,,,NSE_Debt_Master
SYN6B0AB7A5E,91D280526,,,,,,,,100.0,,,99.8,0.0,0.0,100.0,,,,Live_GSec
SYN6B33C8551,364D110227,,,,,,,,100.0,,,95.0,94.45,0.0,2000.0,,,,Live_GSec
SYN6B4575D98,833GS2026,,,,,,,,100.0,,,102.0,101.21,0.0,0.0,,,,Live_GSec
SYN6B4C5396E,Aegis Vopak Terminals Limited,,,,,,,,100000.0,,,,,,,,,,NSE_Debt_Master
SYN6E0676461,IIFL Finance Limited,,,,,,,,1000.0,,,,,,,,,,NSE_Debt_Master
SYN6E0BAFA55,Nomura Capital (India) Private Limited,,,,,,,,100000.0,,,,,,,,,,NSE_Debt_Master
SYN6E95EBC42,Export Import Bank of India,,,,,,,,100000.0,,,,,,,,,,NSE_Debt_Master
SYN6EA0A617F,776KL38,,,,,,,,100.0,,,100.93,0.0,104.4,0.0,,,,Live_GSec
SYN7097C906D,Trust Investment Advisors Private Limited,,,,,,,,100000.0,,,,,,,,,,NSE_Debt_Master
SYN7105860B4,Canara Bank,,,,,,,,100000.0,,,,,,,,,,NSE_Debt_Master
SYN71AC044F6,Punjab State,,,,,,,,100.0,,,,,,,,,,NSE_Debt_Master
SYN7264198BB,Summit Digitel Infrastructure Limited,,,,,,,,100000.0,,,,,,,,,,NSE_Debt_Master
SYN72CF3DAF7,828GS2032,,,,,,,,100.0,,,106.0,106.51,0.0,0.0,,,,Live_GSec
SYN72FD36AEB,692AP41,,,,,,,,100.0,,,100.0,0.0,104.9,0.0,,,,Live_GSec
SYN73ACA787D,L&T Finance limited,,,,,,,,100000.0,,,,,,,,,,NSE_Debt_Master
SYN7408931DF,UltraTech Cement Limited,,,,,,,,100000.0,,,,,,,,,,NSE_Debt_Master
SYN740FE589C,Indian Bank,,,,,,,,100000.0,,,,,,,,,,NSE_Debt_Master
SYN744AAC77A,364D040626,,,,,,,,100.0,,,98.4,99.43,0.0,0.0,,,,Live_GSec
SYN748430742,734GS2064,,,,,,,,100.0,,,96.4,96.38,96.42,22786.0,,,,Live_GSec
SYN7530CA988,ICICI Prudential Life Insurance Company Limited,,,,,,,,100000.0,,,,,,,,,,NSE_Debt_Master
SYN75A875DE5,Lodha Developers Limited,,,,,,,,100000.0,,,,,,,,,,NSE_Debt_Master
SYN777E2C592,ICICI Limited,,,,,,,,3000.0,,,,,,,,,,NSE_Debt_Master
SYN77801A14F,666TN30,,,,,,,,100.0,,,102.82,0.0,102.82,0.0,,,,Live_GSec
SYN77BF20FD1,71MH33,,,,,,,,100.0,,,95.0,0.0,0.0,0.0,,,,Live_GSec
SYN7860E45FE,709GS2074,,,,,,,,100.0,,,93.25,93.1,93.25,11381.0,,,,Live_GSec
SYN787845241,709TS58,,,,,,,,100.0,,,95.29,0.0,96.0,0.0,,,,Live_GSec
SYN78B39DA7C,Lloyds Metals And Energy Limited,,,,,,,,100000.0,,,,,,,,,,NSE_Debt_Master
SYN79140160B,Shriram Finance Limited,,,,,,,,1000.0,,,,,,,,,,NSE_Debt_Master
SYN79A35452E,Godrej Housing Finance Limited,,,,,,,,100000.0,,,,,,,,,,NSE_Debt_Master
SYN7CC1473F0,Sammaan Capital Limited,,,,,,,,1000.0,,,,,,,,,,NSE_Debt_Master
SYN7D035724E,727MH39,,,,,,,,100.0,,,100.0,0.0,104.9,0.0,,,,Live_GSec
SYN7D7793D0E,National Highways Infra Trust,,,,,,,,51058.0,,,,,,,,,,NSE_Debt_Master
SYN7E0F77CF6,364D290427,,,,,,,,100.0,,,94.69,93.04,0.0,0.0,,,,Live_GSec
SYN7E0FD9B6C,APPLE-US,Apple Inc,Corporate,Technology,USA,USD,AA+,3.5,1000.0,,2026-05-16,1008.6,,,,,,,Global_Finance
SYN7E2CB3349,667GS2035,,,,,,,,100.0,,,103.85,98.7,105.0,0.0,,,,Live_GSec
SYN7EE4E23CF,743CG29,,,,,,,,100.0,,,101.98,0.0,102.5,0.0,,,,Live_GSec
SYN7FACAFBF6,773GS2034,,,,,,,,100.0,,,100.41,105.01,0.0,0.0,,,,Live_GSec
SYN7FC94FE60,Nuvoco Vistas Corporation Limited,,,,,,,,100000.0,,,,,,,,,,NSE_Debt_Master
SYN7FF89072A,603GS2029,,,,,,,,100.0,,,99.31,99.31,100.45,1100.0,,,,Live_GSec
SYN80C2C71F7,364D300726,,,,,,,,100.0,,,98.45,98.75,99.13,0.0,,,,Live_GSec
SYN8121A5ACE,182D151026,,,,,,,,100.0,,,97.35,96.7,0.0,0.0,,,,Live_GSec
SYN816BCFB38,664GS2027,,,,,,,,100.0,,,102.26,102.26,103.28,0.0,,,,Live_GSec
SYN81D6C3926,Rare Asset Reconstruction Limited,,,,,,,,100000.0,,,,,,,,,,NSE_Debt_Master
SYN8263470A1,AA_RATED_BONDS,AA Rated Bonds,Corporate,Corporate,,,AA,,,,,,,,,6.75,5.5,220.0,Bond_Index
SYN82768D505,762HR31,,,,,,,,100.0,,,99.0,0.0,101.7,0.0,,,,Live_GSec
SYN828AC41E5,704MH40,,,,,,,,100.0,,,100.0,0.0,104.9,0.0,,,,Live_GSec
SYN831306ACC,NESTLE-CH,Nestle SA,Corporate,Consumer,Switzerland,CHF,AA,2.5,1000.0,,2027-04-15,1005.3,,,,,,,Global_Finance
SYN8352F4767,182D270826,,,,,,,,100.0,,,97.25,97.66,0.0,0.0,,,,Live_GSec
SYN8384FB933,Vedika Credit Capital Limited,,,,,,,,100000.0,,,,,,,,,,NSE_Debt_Master
SYN8390D71B7,739CG33,,,,,,,,100.0,,,100.62,0.0,101.62,0.0,,,,Live_GSec
SYN83B398A42,Cholamandalam Investment and Finance Company Limited,,,,,,,,100000.0,,,,,,,,,,NSE_Debt_Master
SYN843E8EF80,Western Capital Advisors Private Limited,,,,,,,,10000.0,,,,,,,,,,NSE_Debt_Master
SYN8473ADCCD,749TN34,,,,,,,,100.0,,,100.0,0.0,104.9,0.0,,,,Live_GSec
SYN855880714,Small Industries Development Bank of India,,,,,,,,100000.0,,,,,,,,,,NSE_Debt_Master
SYN85DC013FE,Afcons Infrastructure Limited,,,,,,,,100000.0,,,,,,,,,,NSE_Debt_Master
SYN8720B2A05,IndiGrid Infrastructure Trust,,,,,,,,1000.0,,,,,,,,,,NSE_Debt_Master
SYN8747265D3,ADITYA BIRLA HOUSING FINANCE LIMITED,,,,,,,,100006.66,,,,,,,,,,NSE_Debt_Master
SYN88D241032,706GS2046,,,,,,,,100.0,,,98.0,97.03,99.0,0.0,,,,Live_GSec
SYN89555270B,745BR50,,,,,,,,100.0,,,99.0,0.0,99.5,0.0,,,,Live_GSec
SYN89D47E9A5,Manipur State,,,,,,,,100.0,,,,,,,,,,NSE_Debt_Master
SYN8A47153C0,Poonawalla Fincorp Limited,,,,,,,,1000.0,,,,,,,,,,NSE_Debt_Master
SYN8A614523B,704GJ30,,,,,,,,100.0,,,99.63,0.0,100.63,0.0,,,,Live_GSec
SYN8AA4941B6,745AP37,,,,,,,,100.0,,,102.63,0.0,106.9,0.0,,,,Live_GSec
SYN8AB69FAFB,SIEMENS-DE,Siemens AG,Corporate,Engineering,Germany,EUR,AA-,2.75,1000.0,,2028-08-22,1008.7,,,,,,,Global_Finance
SYN8B0C0EEFE,664ML35,,,,,,,,100.0,,,100.0,0.0,0.0,0.0,,,,Live_GSec
SYN8B9E3024E,723MH35,,,,,,,,100.0,,,100.0,0.0,104.9,0.0,,,,Live_GSec
SYN8D812A4EC,Orissa State,,,,,,,,100.0,,,,,,,,,,NSE_Debt_Master
SYN8D936344F,746GS2073,,,,,,,,100.0,,,100.08,100.0,100.08,4312.0,,,,Live_GSec
SYN8DFB099B8,ECL Finance Limited,,,,,,,,1000.0,,,,,,,,,,NSE_Debt_Master
SYN8E03C0D48,Rashtriya Chemicals and Fertilizers Limited,,,,,,,,100000.0,,,,,,,,,,NSE_Debt_Master
SYN8F8C106BC,182D180626,,,,,,,,100.0,,,99.13,99.15,0.0,0.0,,,,Live_GSec
SYN8FA01FB5B,Uttaranchal State,,,,,,,,100.0,,,,,,,,,,NSE_Debt_Master
SYN8FAFE5265,767AP38,,,,,,,,100.0,,,100.98,0.0,101.3,0.0,,,,Live_GSec
SYN909CE039C,91D040626,,,,,,,,100.0,,,99.65,99.8,0.0,0.0,,,,Live_GSec
SYN91B9AE098,663TN55,,,,,,,,100.0,,,101.34,0.0,96.28,0.0,,,,Live_GSec
SYN91D62BCEB,71WB50,,,,,,,,100.0,,,95.0,0.0,96.0,0.0,,,,Live_GSec
SYN920D97898,74GS2035,,,,,,,,100.0,,,101.35,101.11,0.0,0.0,,,,Live_GSec
SYN92313B039,182D230726,,,,,,,,100.0,,,97.75,98.35,0.0,0.0,,,,Live_GSec
SYN92C0452BB,763GS2059,,,,,,,,100.0,,,102.6,99.4,0.0,0.0,,,,Live_GSec
SYN9343FB2D7,364D230726,,,,,,,,100.0,,,98.45,98.35,0.0,0.0,,,,Live_GSec
SYN936F7958E,Hyderabad Metropolitan Development Authority,,,,,,,,100000.0,,,,,,,,,,NSE_Debt_Master
SYN939133191,National Bank for Agriculture and Rural Development,,,,,,,,100000.0,,,,,,,,,,NSE_Debt_Master
SYN94CB9DB6A,762GS2039,,,,,,,,100.0,,,103.17,101.66,0.0,0.0,,,,Live_GSec
SYN954135B37,Mangalam Worldwide Limited,,,,,,,,100000.0,,,,,,,,,,NSE_Debt_Master
SYN964CA4CC8,Aseem Infrastructure Finance Limited,,,,,,,,100007.89,,,,,,,,,,NSE_Debt_Master
SYN986BDE28D,Council for Green Revolution,,,,,,,,1.0,,,,,,,,,,NSE_Debt_Master
SYN9879211B5,70CG29,,,,,,,,100.0,,,100.0,0.0,100.3,0.0,,,,Live_GSec
SYN98A1F349B,182D291026,,,,,,,,100.0,,,97.34,96.43,0.0,0.0,,,,Live_GSec
SYN98C68EBF6,697GR2034,,,,,,,,100.0,,,98.66,96.1,99.26,0.0,,,,Live_GSec
SYN98CC250DA,Surat Municipal Corporation,,,,,,,,500.0,,,,,,,,,,NSE_Debt_Master
SYN993872C8C,NTPC Limited,,,,,,,,100000.0,,,,,,,,,,NSE_Debt_Master
SYN995373F24,74GJ26,,,,,,,,100.0,,,100.0,0.0,104.9,0.0,,,,Live_GSec
SYN9A0331E83,Torrent Investments Limited,,,,,,,,100000.0,,,,,,,,,,NSE_Debt_Master
SYN9A6C39AED,Andhra Pradesh State Beverages Corporation Limited,,,,,,,,50000.0,,,,,,,,,,NSE_Debt_Master
SYN9A8D76721,Numaligarh Refinery Limited,,,,,,,,100000.0,,,,,,,,,,NSE_Debt_Master
SYN9B5BFBA46,IndoStar Capital Finance Limited,,,,,,,,100000.0,,,,,,,,,,NSE_Debt_Master
SYN9BA37F18A,364D121126,,,,,,,,100.0,,,96.65,96.16,0.0,0.0,,,,Live_GSec
SYN9CA5BE7B8,Patel Engineering Limited,,,,,,,,100000.0,,,,,,,,,,NSE_Debt_Master
SYN9CDE6F00F,364D291026,,,,,,,,100.0,,,96.2,96.43,0.0,0.0,,,,Live_GSec
SYN9D22CF5EA,767GA33A,,,,,,,,100.0,,,100.0,0.0,104.9,0.0,,,,Live_GSec
SYN9D34FB817,741GS2036,,,,,,,,100.0,,,104.9,105.05,105.39,62.0,,,,Live_GSec
SYN9DA9E38F5,Chattisgarh State,,,,,,,,100.0,,,,,,,,,,NSE_Debt_Master
SYN9DF5603F6,633GS2035,,,,,,,,100.0,,,95.0,97.0,0.0,0.0,,,,Live_GSec
SYN9E2D2057B,Globe Fincap Limited,,,,,,,,100000.0,,,,,,,,,,NSE_Debt_Master
SYN9E5AD6B8D,Indian Oil Corporation Limited,,,,,,,,100000.0,,,,,,,,,,NSE_Debt_Master
SYN9E6DBF304,NHPC Limited,,,,,,,,100000.0,,,,,,,,,,NSE_Debt_Master
SYN9EE2B2E62,Nirma Limited,,,,,,,,100000.0,,,,,,,,,,NSE_Debt_Master
SYN9F6FCDA78,Globe Capital Market Limited,,,,,,,,100000.0,,,,,,,,,,NSE_Debt_Master
SYNA0D7C27AA,Aditya Birla Housing Finance Limited,,,,,,,,100000.0,,,,,,,,,,NSE_Debt_Master
SYNA1A5C2D2B,726GS2033,,,,,,,,100.0,,,102.2,102.21,103.6,0.0,,,,Live_GSec
SYNA21574718,75GS2034,,,,,,,,100.0,,,102.65,102.66,0.0,0.0,,,,Live_GSec
SYNA2CBDD248,Nido Home Finance Limited,,,,,,,,1000.0,,,,,,,,,,NSE_Debt_Master
SYNA2DD0AA0D,364D170926,,,,,,,,100.0,,,98.18,97.24,103.08,0.0,,,,Live_GSec
SYNA3701478D,77TS38,,,,,,,,100.0,,,99.5,0.0,0.0,0.0,,,,Live_GSec
SYNA3E6A617F,Bharti Telecom Limited,,,,,,,,100000.0,,,,,,,,,,NSE_Debt_Master
SYNA40D5CBD1,IIFL Samasta Finance Limited,,,,,,,,1000.0,,,,,,,,,,NSE_Debt_Master
SYNA546C8B76,719GS2060,,,,,,,,100.0,,,96.9,94.6,0.0,0.0,,,,Live_GSec
SYNA54702773,SMFG India Home Finance Company Limited,,,,,,,,100000.0,,,,,,,,,,NSE_Debt_Master
SYNA6980EA56,777MN38,,,,,,,,100.0,,,100.1,0.0,101.17,0.0,,,,Live_GSec
SYNA699248F0,Dme Development Limited,,,,,,,,100000.0,,,,,,,,,,NSE_Debt_Master
SYNA729D2913,PNB Housing Finance Limited,,,,,,,,100000.0,,,,,,,,,,NSE_Debt_Master
SYNA7F8E65B4,Nagaland State,,,,,,,,100.0,,,,,,,,,,NSE_Debt_Master
SYNA9884897F,738GJ30,,,,,,,,100.0,,,97.67,97.67,0.0,0.0,,,,Live_GSec
SYNA9C3E4A30,364D280127,,,,,,,,100.0,,,94.45,94.71,0.0,0.0,,,,Live_GSec
SYNAA3EF57D0,Dar Credit & Capital Limited,,,,,,,,100000.0,,,,,,,,,,NSE_Debt_Master
SYNAA68B0E5A,722TN54A,,,,,,,,100.0,,,100.0,0.0,95.0,0.0,,,,Live_GSec
SYNAA79CF619,Axis Bank Limited,,,,,,,,100000.0,,,,,,,,,,NSE_Debt_Master
SYNAA8F31768,709KL52,,,,,,,,100.0,,,95.0,0.0,96.0,0.0,,,,Live_GSec
SYNAA93D266F,GOVERNMENT_SECURITIES,Government Securities,Government,Government,,,,,,,,,,,,6.5,4.8,0.0,Bond_Index
SYNAAD78335D,668GS2040,,,,,,,,100.0,,,96.7,96.7,97.1,200.0,,,,Live_GSec
SYNAB2331A0F,HDFC Bank Limited,,,,,,,,100000.0,,,,,,,,,,NSE_Debt_Master
SYNAB24D5C74,364D251226,,,,,,,,100.0,,,95.5,95.34,0.0,0.0,,,,Live_GSec
SYNAB416D160,668GS2033,,,,,,,,100.0,,,99.1,99.12,101.0,100.0,,,,Live_GSec
SYNABCAE3C2F,182D121126,,,,,,,,100.0,,,97.32,96.16,0.0,0.0,,,,Live_GSec
SYNAC6BDFBA9,Astec LifeSciences Limited,,,,,,,,100000.0,,,,,,,,,,NSE_Debt_Master
SYNAC83B56D6,364D200826,,,,,,,,100.0,,,98.22,97.79,98.85,0.0,,,,Live_GSec
SYNAC8D9ADA1,Capital Infra Trust,,,,,,,,80226.0,,,,,,,,,,NSE_Debt_Master
SYNAD49DE5CC,766GJ32,,,,,,,,100.0,,,102.5,0.0,107.4,0.0,,,,Live_GSec
SYNAE618FE56,743TS41A,,,,,,,,100.0,,,100.0,0.0,104.9,0.0,,,,Live_GSec
SYNAEE84B3FB,723GS2039,,,,,,,,100.0,,,103.46,98.61,105.5,0.0,,,,Live_GSec
SYNAFE12B4B7,690GS2065,,,,,,,,100.0,,,91.12,91.25,91.45,30102.0,,,,Live_GSec
SYNB15603F3F,CEAT Limited,,,,,,,,100000.0,,,,,,,,,,NSE_Debt_Master
SYNB2352DE90,726GS2032,,,,,,,,100.0,,,102.75,102.61,107.88,0.0,,,,Live_GSec
SYNB2A379821,828GS2027,,,,,,,,100.0,,,167.79,0.0,159.41,0.0,,,,Live_GSec
SYNB2B493165,364D160726,,,,,,,,100.0,,,99.0,99.02,99.15,0.0,,,,Live_GSec
SYNB2C8F31A4,737GS2028,,,,,,,,100.0,,,101.26,101.73,102.48,100.0,,,,Live_GSec
SYNB363DB199,683GS2039,,,,,,,,100.0,,,94.06,96.51,0.0,0.0,,,,Live_GSec
SYNB38ECB1F7,IIFL Home Finance Limited,,,,,,,,1000.0,,,,,,,,,,NSE_Debt_Master
SYNB3A6A92FF,717GS2028,,,,,,,,100.0,,,103.04,102.71,103.04,0.0,,,,Live_GSec
SYNB42570887,NIIF Infrastructure Finance Limited,,,,,,,,100000.0,,,,,,,,,,NSE_Debt_Master
SYNB47DE99DB,714JK40,,,,,,,,100.0,,,98.0,0.0,98.5,0.0,,,,Live_GSec
SYNB51F2C19B,91D090726,,,,,,,,100.0,,,99.2,99.13,99.9,0.0,,,,Live_GSec
SYNB5DC4E82A,769KA33A,,,,,,,,100.0,,,104.9,0.0,109.9,0.0,,,,Live_GSec
SYNB616FD20D,Shriram Pistons & Rings Limited,,,,,,,,100000.0,,,,,,,,,,NSE_Debt_Master
SYNB6624DF4A,767WB37,,,,,,,,100.0,,,101.82,0.0,101.82,0.0,,,,Live_GSec
SYNB68C19CBF,Housing & Urban Development Corporation Limited,,,,,,,,1000.0,,,,,,,,,,NSE_Debt_Master
SYNB6E3DF587,364D021026,,,,,,,,100.0,,,96.6,96.95,0.0,0.0,,,,Live_GSec
SYNB7E3EF0E9,A_RATED_BONDS,A Rated Bonds,Corporate,Corporate,,,A,,,,,,,,,7.15,5.8,280.0,Bond_Index
SYNB85F7541D,Tripura State,,,,,,,,100.0,,,,,,,,,,NSE_Debt_Master
SYNB9356847E,662GS2051,,,,,,,,100.0,,,93.19,88.55,0.0,0.0,,,,Live_GSec
SYNBA060EF8B,Alpha Alternatives Financial Services Private Limited,,,,,,,,118000.0,,,,,,,,,,NSE_Debt_Master
SYNBA5E70199,Himachal Pradesh State,,,,,,,,100.0,,,,,,,,,,NSE_Debt_Master
SYNBB19C6BFE,813GS2045,,,,,,,,100.0,,,110.0,104.56,0.0,0.0,,,,Live_GSec
SYNBB2D2FA42,764TN29,,,,,,,,100.0,,,103.0,0.0,0.0,1200.0,,,,Live_GSec
SYNBB89E5B3B,Master Capital Services Limited,,,,,,,,10000.0,,,,,,,,,,NSE_Debt_Master
SYNBCA5C8315,707TN38,,,,,,,,100.0,,,99.45,0.0,103.9,0.0,,,,Live_GSec
SYNBCE8A429B,689KL51,,,,,,,,100.0,,,100.0,0.0,0.0,0.0,,,,Live_GSec
SYNBD23B8B2A,585GS2030,,,,,,,,100.0,,,97.75,97.71,0.0,0.0,,,,Live_GSec
SYNBD70A894F,India Infrastructure Finance Company Limited,,,,,,,,100000.0,,,,,,,,,,NSE_Debt_Master
SYNBDD7A16DC,726MH41,,,,,,,,100.0,,,100.5,0.0,100.5,0.0,,,,Live_GSec
SYNBE4764440,741RJ34,,,,,,,,100.0,,,102.8,0.0,107.4,0.0,,,,Live_GSec
SYNBE965C3F3,Nashik Municipal Corporation,,,,,,,,125.0,,,,,,,,,,NSE_Debt_Master
SYNBE9DFD7FB,364D200527,,,,,,,,100.0,,,94.2,93.0,94.5,0.0,,,,Live_GSec
SYNBEFFA3F2D,Navi Finserv Limited,,,,,,,,1000.0,,,,,,,,,,NSE_Debt_Master
SYNBF0F06A5B,364D250626,,,,,,,,100.0,,,99.46,99.01,99.59,0.0,,,,Live_GSec
SYNBF4340A63,364D030926,,,,,,,,100.0,,,98.25,97.52,0.0,0.0,,,,Live_GSec
SYNBF445D86A,833GS2032,,,,,,,,100.0,,,107.33,106.46,0.0,0.0,,,,Live_GSec
SYNBF4B36772,Tamilnadu State,,,,,,,,100.0,,,,,,,,,,NSE_Debt_Master
SYNBFC999CCF,ASML-NL,ASML Holding,Corporate,Technology,Netherlands,EUR,AA-,2.85,1000.0,,2028-11-12,1007.6,,,,,,,Global_Finance
SYNBFEEAAE9B,KPI Green Energy Limited,,,,,,,,92000.0,,,,,,,,,,NSE_Debt_Master
SYNC075370B8,182D090726,,,,,,,,100.0,,,98.85,98.63,0.0,0.0,,,,Live_GSec
SYNC0B38812D,744TS49,,,,,,,,100.0,,,99.0,0.0,99.5,0.0,,,,Live_GSec
SYNC0E22AFB4,733KL54,,,,,,,,100.0,,,100.0,0.0,104.9,0.0,,,,Live_GSec
SYNC0F241129,779MH54,,,,,,,,100.0,,,97.5,0.0,100.0,0.0,,,,Live_GSec
SYNC16CC2BAA,654GS2032,,,,,,,,100.0,,,100.1,99.25,101.0,0.0,,,,Live_GSec
SYNC16E170C4,Telangana State Industrial Infrastructure Corporation Limited,,,,,,,,100045.6,,,,,,,,,,NSE_Debt_Master
SYNC3202A718,Union Bank of India,,,,,,,,100000.0,,,,,,,,,,NSE_Debt_Master
SYNC457FA58C,Oriental InfraTrust,,,,,,,,98020.0,,,,,,,,,,NSE_Debt_Master
SYNC4C671455,Indore Municipal Corporation,,,,,,,,250.0,,,,,,,,,,NSE_Debt_Master
SYNC4F4C6A0A,769GS2043,,,,,,,,100.0,,,107.1,101.81,0.0,0.0,,,,Live_GSec
SYNC636F99D3,619GS2034,,,,,,,,100.0,,,95.05,93.76,0.0,0.0,,,,Live_GSec
SYNC63764CAD,772GS2055,,,,,,,,100.0,,,105.14,100.0,0.0,0.0,,,,Live_GSec
SYNC6473B6C7,773GJ32,,,,,,,,100.0,,,100.0,0.0,104.9,0.0,,,,Live_GSec
SYNC6640E3A7,702GJ31,,,,,,,,100.0,,,100.0,0.0,104.9,0.0,,,,Live_GSec
SYNC6A1956E5,364D100926,,,,,,,,100.0,,,98.28,97.38,0.0,0.0,,,,Live_GSec
SYNC6ADDA2BC,715AS35,,,,,,,,100.0,,,97.04,0.0,101.89,0.0,,,,Live_GSec
SYNC6AEAF782,182D130826,,,,,,,,100.0,,,98.5,98.1,99.2,100.0,,,,Live_GSec
SYNC6D989EBC,364D190227,,,,,,,,100.0,,,95.2,94.3,0.0,0.0,,,,Live_GSec
SYNC700FAD33,Friends Union for Energising Lives,,,,,,,,1.0,,,,,,,,,,NSE_Debt_Master
SYNC71FA23EE,Kisetsu Saison Finance (India) Private Limited,,,,,,,,100000.0,,,,,,,,,,NSE_Debt_Master
SYNC72B22DCF,765MP41,,,,,,,,100.0,,,100.0,0.0,100.0,0.0,,,,Live_GSec
SYNC757E1F21,Haryana State,,,,,,,,100.0,,,,,,,,,,NSE_Debt_Master
SYNC83812E97,Tata Motors Limited,,,,,,,,100000.0,,,,,,,,,,NSE_Debt_Master
SYNC849225A9,76TN31,,,,,,,,100.0,,,100.4,0.0,104.9,0.0,,,,Live_GSec
SYNC9F66D60C,91D130826,,,,,,,,100.0,,,98.72,98.45,99.25,0.0,,,,Live_GSec
SYNCA1E878C9,Bahadur Chand Investments Private Limited,,,,,,,,100000.0,,,,,,,,,,NSE_Debt_Master
SYNCBEDF0815,713TN47,,,,,,,,100.0,,,95.0,0.0,95.0,0.0,,,,Live_GSec
SYNCC33CD9C8,Larsen & Toubro Limited,,,,,,,,100000.0,,,,,,,,,,NSE_Debt_Master
SYNCC8D4C4BA,National Highways Authority of India,,,,,,,,1000.0,,,,,,,,,,NSE_Debt_Master
SYNCCB416104,826GS2027,,,,,,,,100.0,,,104.37,104.5,0.0,0.0,,,,Live_GSec
SYNCD3C5D764,794TN32,,,,,,,,100.0,,,101.0,100.0,0.0,0.0,,,,Live_GSec
SYNCDA158EEA,714CG32,,,,,,,,100.0,,,96.42,0.0,97.2,0.0,,,,Live_GSec
SYNCEF8C72A5,364D220427,,,,,,,,100.0,,,94.5,93.17,0.0,0.0,,,,Live_GSec
SYNCF99B43D7,77BR38,,,,,,,,100.0,,,99.0,0.0,96.82,0.0,,,,Live_GSec
SYNCFB58CA66,715AP37,,,,,,,,100.0,,,100.0,0.0,104.9,0.0,,,,Live_GSec
SYND0A3EB95E,182D180926,,,,,,,,100.0,,,97.2,97.22,0.0,0.0,,,,Live_GSec
SYND13C8E062,Tata Communications Limited,,,,,,,,100007.95,,,,,,,,,,NSE_Debt_Master
SYND1F09B755,718GS2033,,,,,,,,100.0,,,102.65,102.75,103.8,0.0,,,,Live_GSec
SYND2A8CBAB6,883GS2041,,,,,,,,100.0,,,112.4,111.11,0.0,0.0,,,,Live_GSec
SYND2C46234B,State Bank Of India,,,,,,,,100000.0,,,,,,,,,,NSE_Debt_Master
SYND2D1932B9,National Bank For Financing Infrastructure And Development,,,,,,,,100000.0,,,,,,,,,,NSE_Debt_Master
SYND362EB92A,Tata Power Renewable Energy Limited,,,,,,,,100000.0,,,,,,,,,,NSE_Debt_Master
SYND36B7D768,364D090726,,,,,,,,100.0,,,99.26,98.63,99.41,0.0,,,,Live_GSec
SYND36BD1E1A,709AP39,,,,,,,,100.0,,,100.0,0.0,95.0,0.0,,,,Live_GSec
SYND42D9FD81,364D110626,,,,,,,,100.0,,,99.78,99.67,99.78,100.0,,,,Live_GSec
SYND47C72570,364D150427,,,,,,,,100.0,,,94.3,93.3,0.0,0.0,,,,Live_GSec
SYND68F2A0A1,695GS2061,,,,,,,,100.0,,,95.5,93.12,95.5,5351.0,,,,Live_GSec
SYND70340D52,364D110327,,,,,,,,100.0,,,95.0,93.93,0.0,0.0,,,,Live_GSec
SYND73847F21,732GS2030,,,,,,,,100.0,,,101.75,100.72,102.65,0.0,,,,Live_GSec
SYND8130A023,579GS2030,,,,,,,,100.0,,,96.5,95.41,0.0,12.0,,,,Live_GSec
SYND81B3CEDA,SAMSUNG-KR,Samsung Electronics,Corporate,Technology,South Korea,KRW,AA,4.2,1000.0,,2029-07-08,1019.3,,,,,,,Global_Finance
SYND8428A58B,76GJ33,,,,,,,,100.0,,,101.92,0.0,102.3,0.0,,,,Live_GSec
SYND85FCABCB,657GS2033,,,,,,,,100.0,,,100.5,98.46,100.65,0.0,,,,Live_GSec
SYND89B97250,1018GS2026,,,,,,,,100.0,,,102.53,102.53,103.49,11842.0,,,,Live_GSec
SYND8CBCE143,182D051126,,,,,,,,100.0,,,97.34,96.29,0.0,0.0,,,,Live_GSec
SYND8DA5ED7D,TATA PROJECTS LIMITED,,,,,,,,100000.0,,,,,,,,,,NSE_Debt_Master
SYND90D7D537,Madhya Pradesh State,,,,,,,,100.0,,,,,,,,,,NSE_Debt_Master
SYND9C6CB9DB,795GS2032,,,,,,,,100.0,,,108.48,104.95,113.9,0.0,,,,Live_GSec
SYND9FBF81EB,NTPC Green Energy Limited,,,,,,,,100000.0,,,,,,,,,,NSE_Debt_Master
SYNDA8288B42,Power Grid Corporation of India Limited,,,,,,,,100000.0,,,,,,,,,,NSE_Debt_Master
SYNDD0D2B0A8,Sammaan Finserve Limited,,,,,,,,400.0,,,,,,,,,,NSE_Debt_Master
SYNDE93E0AC5,771AP37A,,,,,,,,100.0,,,98.5,0.0,101.64,0.0,,,,Live_GSec
SYNDEE031F3C,364D280826,,,,,,,,100.0,,,97.6,97.64,0.0,0.0,,,,Live_GSec
SYNDF00ED4E7,754GS2036,,,,,,,,100.0,,,103.6,103.58,103.6,324556.0,,,,Live_GSec
SYNE038E974E,Nomura Fixed Income Securities Limited,,,,,,,,100000.0,,,,,,,,,,NSE_Debt_Master
SYNE297B5957,92GS2030,,,,,,,,100.0,,,110.5,110.5,111.49,2617.0,,,,Live_GSec
SYNE32BBB898,364D061126,,,,,,,,100.0,,,97.1,96.27,0.0,0.0,,,,Live_GSec
SYNE34943DC7,807MH49,,,,,,,,100.0,,,95.0,0.0,0.0,0.0,,,,Live_GSec
SYNE3A62FA90,Northern Arc Capital Limited,,,,,,,,100000.0,,,,,,,,,,NSE_Debt_Master
SYNE4323642B,364D040327,,,,,,,,100.0,,,94.36,94.06,0.0,0.0,,,,Live_GSec
SYNE4EF7BAE8,692GS2039,,,,,,,,100.0,,,96.0,95.5,0.0,0.0,,,,Live_GSec
SYNE52F6EF77,699GS2051,,,,,,,,100.0,,,97.0,96.35,97.0,305.0,,,,Live_GSec
SYNE6441836A,182D210826,,,,,,,,100.0,,,98.3,97.77,0.0,0.0,,,,Live_GSec
SYNE70C0195A,182D280526,,,,,,,,100.0,,,99.5,0.0,0.0,0.0,,,,Live_GSec
SYNE7AFA4C6D,National Housing Bank,,,,,,,,100000.0,,,,,,,,,,NSE_Debt_Master
SYNE8408C1FC,Magnum Ventures Limited,,,,,,,,26717.39,,,,,,,,,,NSE_Debt_Master
SYNE84FC33AE,364D130826,,,,,,,,100.0,,,98.25,97.93,98.94,0.0,,,,Live_GSec
SYNE857F18E0,TSMC-TW,Taiwan Semiconductor,Corporate,Technology,Taiwan,TWD,AA,3.4,1000.0,,2028-03-25,1010.4,,,,,,,Global_Finance
SYNE896A7D93,Max Life Insurance Company Limited,,,,,,,,100036.25,,,,,,,,,,NSE_Debt_Master
SYNE9325D028,MSFT-US,Microsoft Corp,Corporate,Technology,USA,USD,AA+,3.8,1000.0,,2027-02-10,1011.4,,,,,,,Global_Finance
SYNE9727DEB9,679GS2034A,,,,,,,,100.0,,,95.4,95.4,99.95,0.0,,,,Live_GSec
SYNEB44A0C1F,824GS2033,,,,,,,,100.0,,,109.75,105.26,0.0,0.0,,,,Live_GSec
SYNEB4B82DE8,645GS2029,,,,,,,,100.0,,,99.86,98.61,0.0,0.0,,,,Live_GSec
SYNED206ADCC,Aditya Birla Capital Limited,,,,,,,,100000.0,,,,,,,,,,NSE_Debt_Master
SYNEDDF2335D,679GS2034,,,,,,,,100.0,,,99.53,99.0,99.9,0.0,,,,Live_GSec
SYNEE3F7504F,750GS2056,,,,,,,,100.0,,,99.0,97.5,101.0,0.0,,,,Live_GSec
SYNEF04A6B4F,75TN31,,,,,,,,100.0,,,100.0,0.0,104.9,0.0,,,,Live_GSec
SYNEFA2D923C,182D170726,,,,,,,,100.0,,,98.75,98.58,0.0,200.0,,,,Live_GSec
SYNEFF1EDEC4,74GS2062,,,,,,,,100.0,,,101.97,98.11,101.8,0.0,,,,Live_GSec
SYNF0101B589,Telangana State,,,,,,,,100.0,,,,,,,,,,NSE_Debt_Master
SYNF03F94687,Axis Max Life Insurance Limited,,,,,,,,100050.0,,,,,,,,,,NSE_Debt_Master
SYNF058289EB,Ambium Finserve Limited,,,,,,,,10000.0,,,,,,,,,,NSE_Debt_Master
SYNF11C6669F,700TN29,,,,,,,,100.0,,,100.0,0.0,104.9,0.0,,,,Live_GSec
SYNF18FE4FF0,TVS Holdings Limited,,,,,,,,100000.0,,,,,,,,,,NSE_Debt_Master
SYNF2D7A5B30,Viviana Power Tech Limited,,,,,,,,10000.0,,,,,,,,,,NSE_Debt_Master
SYNF32192343,743GS2076,,,,,,,,100.0,,,101.1,99.02,101.0,159.0,,,,Live_GSec
SYNF3B001866,Goa State,,,,,,,,100.0,,,,,,,,,,NSE_Debt_Master
SYNF47F7B816,DCB BANK LIMITED,,,,,,,,100000.0,,,,,,,,,,NSE_Debt_Master
SYNF4ADBD391,SGBS Unnati Foundation,,,,,,,,1.0,,,,,,,,,,NSE_Debt_Master
SYNF787F2FBC,Bank Of Baroda,,,,,,,,100000.0,,,,,,,,,,NSE_Debt_Master
SYNF8D383C1B,73GS2053,,,,,,,,100.0,,,100.0,99.24,100.65,12.0,,,,Live_GSec
SYNF9107DF19,182D260626,,,,,,,,100.0,,,98.5,98.99,0.0,0.0,,,,Live_GSec
SYNF917BD36A,86GS2028,,,,,,,,100.0,,,108.39,106.86,0.0,0.0,,,,Live_GSec
SYNF93E50F49,Akme Fintrade (India) Limited,,,,,,,,10000.0,,,,,,,,,,NSE_Debt_Master
SYNF972CC24D,BBB_RATED_BONDS,BBB Rated Bonds,Corporate,Corporate,,,BBB,,,,,,,,,7.65,6.1,350.0,Bond_Index
SYNF9C3647D1,182D300726,,,,,,,,100.0,,,97.18,98.21,0.0,0.0,,,,Live_GSec
SYNFC09EB2D1,Agra Nagar Nigam,,,,,,,,100000.0,,,,,,,,,,NSE_Debt_Master
SYNFC3E05221,Power Finance Corporation Limited,,,,,,,,100000.0,,,,,,,,,,NSE_Debt_Master
SYNFC65B4C50,77MH33A,,,,,,,,100.0,,,97.5,0.0,0.0,0.0,,,,Live_GSec
SYNFCE4B2296,Tata Capital Limited,,,,,,,,100000.0,,,,,,,,,,NSE_Debt_Master
SYNFD5A5F2E4,716GS2050,,,,,,,,100.0,,,98.76,99.09,0.0,0.0,,,,Live_GSec
SYNFDE125EEE,HDFC Life Insurance Company Limited,,,,,,,,100000.0,,,,,,,,,,NSE_Debt_Master
SYNFDFE0B2C4,CREDITACCESS GRAMEEN LIMITED,,,,,,,,1000.0,,,,,,,,,,NSE_Debt_Master
SYNFEAF2B644,Bihar State,,,,,,,,100.0,,,,,,,,,,NSE_Debt_Master
SYNFED4D8868,JPM-US,JPMorgan Chase,Corporate,Banking,USA,USD,A+,4.5,1000.0,,2028-06-15,1015.2,,,,,,,Global_Finance
SYNFEFF4A432,746TS49,,,,,,,,100.0,,,99.0,0.0,99.5,0.0,,,,Live_GSec
SYNFF469EB0C,759TS37,,,,,,,,100.0,,,101.0,0.0,101.0,0.0,,,,Live_GSec
SYNFFC1C2702,182D030926,,,,,,,,100.0,,,97.32,97.52,0.0,0.0,,,,Live_GSec
SYNFFF91B70F,729TN54,,,,,,,,100.0,,,100.0,0.0,104.9,0.0,,,,Live_GSec
TW0002330008,TSMC-TW,,,,,,,,,,,1010.4,1010.15,1010.65,315000.0,,,,Prices_Feed
US02079K3059,GOOGLE-US,,,,,,,,,,,1018.9,1018.65,1019.15,245000.0,,,,Prices_Feed
US0378331005,APPLE-US,,,,,,,,,,,1008.6,1008.35,1008.85,280000.0,,,,Prices_Feed
US38149E1012,GS-US,,,,,,,,,,,1024.8,1024.55,1025.05,315000.0,,,,Prices_Feed
US46625H1005,JPM-US,,,,,,,,,,,1015.2,1015.05,1015.35,425000.0,,,,Prices_Feed
US5949181045,MSFT-US,,,,,,,,,,,1011.4,1011.15,1011.65,320000.0,,,,Prices_Feed
US65468A1048,MS-US,,,,,,,,,,,1022.4,1022.15,1022.65,385000.0,,,,Prices_Feed
